id;first_name;last_name;phone_number;email_address;delivery_address
1;Nelda;Sporer;or favorite;indeed including;quiet spiteful afterwards
2;Oma;Funk;parsnip meh first;boohoo;stake how chip
3;Louie;Pacocha;huzzah concerning numeracy;daintily;during ah muddy
4;Clay;Stanton-Deckow;and;ack;sans factorise
5;Vance;Stoltenberg;seldom gifted;carnival even um;allegation
6;Adonis;Turner;ugh;director inside blindly;zowie
7;Drew;Jerde;gosh;mostly and fuel;goat
8;Sandy;Brakus;next floodlight;fedora puny marathon;victoriously
9;Lavina;Lemke;sate but;apud about;questioningly amendment dim
10;Donny;Schneider;or;charming;honestly clamor
